name,url
Gardens by the Bay,https://www.tripadvisor.com/Attraction_Review-g294265-d2149128-Reviews-Gardens_by_the_Bay-Singapore.html
Singapore Botanic Gardens,https://www.tripadvisor.com/Attraction_Review-g294265-d310900-Reviews-Singapore_Botanic_Gardens-Singapore.html
Singapore Zoo,https://www.tripadvisor.com/Attraction_Review-g294265-d324542-Reviews-Singapore_Zoo-Singapore.html
National Orchid Garden,https://www.tripadvisor.com/Attraction_Review-g294265-d317453-Reviews-National_Orchid_Garden-Singapore.html
Cloud Forest,https://www.tripadvisor.com/Attraction_Review-g294265-d4400781-Reviews-Cloud_Forest-Singapore.html
Sands Skypark Observation Deck,https://www.tripadvisor.com/Attraction_Review-g294265-d1837767-Reviews-Sands_Skypark_Observation_Deck-Singapore.html
Singapore Mass Rapid Transit (SMRT),https://www.tripadvisor.com/Attraction_Review-g294265-d8016698-Reviews-Singapore_Mass_Rapid_Transit_SMRT-Singapore.html
Singapore Flyer,https://www.tripadvisor.com/Attraction_Review-g294265-d678639-Reviews-Singapore_Flyer-Singapore.html
Supertree Grove,https://www.tripadvisor.com/Attraction_Review-g294265-d8634325-Reviews-Supertree_Grove-Singapore.html
Jurong Bird Park,https://www.tripadvisor.com/Attraction_Review-g294265-d315466-Reviews-Jurong_Bird_Park-Singapore.html
Singapore Cable Car,https://www.tripadvisor.com/Attraction_Review-g294265-d315470-Reviews-Singapore_Cable_Car-Singapore.html
National Museum of Singapore,https://www.tripadvisor.com/Attraction_Review-g294265-d324550-Reviews-National_Museum_of_Singapore-Singapore.html
Jewel Changi Airport,https://www.tripadvisor.com/Attraction_Review-g294265-d17237163-Reviews-Jewel_Changi_Airport-Singapore.html
Chinatown,https://www.tripadvisor.com/Attraction_Review-g294265-d317415-Reviews-Chinatown-Singapore.html
Flower Dome,https://www.tripadvisor.com/Attraction_Review-g294265-d4400784-Reviews-Flower_Dome-Singapore.html
MacRitchie Nature Trail,https://www.tripadvisor.com/Attraction_Review-g294265-d386880-Reviews-MacRitchie_Nature_Trail-Singapore.html
Marina Bay,https://www.tripadvisor.com/Attraction_Review-g294265-d1177497-Reviews-Marina_Bay-Singapore.html
Buddha Tooth Relic Temple and Museum,https://www.tripadvisor.com/Attraction_Review-g294265-d1438273-Reviews-Buddha_Tooth_Relic_Temple_and_Museum-Singapore.html
Merlion Park,https://www.tripadvisor.com/Attraction_Review-g294265-d644919-Reviews-Merlion_Park-Singapore.html
Orchard Road,https://www.tripadvisor.com/Attraction_Review-g294265-d317454-Reviews-Orchard_Road-Singapore.html
Clarke Quay,https://www.tripadvisor.com/Attraction_Review-g294265-d324756-Reviews-Clarke_Quay-Singapore.html
Haji Lane,https://www.tripadvisor.com/Attraction_Review-g294265-d3512383-Reviews-Haji_Lane-Singapore.html
River Safari,https://www.tripadvisor.com/Attraction_Review-g294265-d4089881-Reviews-River_Safari-Singapore.html
Battlebox,https://www.tripadvisor.com/Attraction_Review-g294265-d9859121-Reviews-Battlebox-Singapore.html
Maxwell Food Centre,https://www.tripadvisor.com/Attraction_Review-g294265-d13078277-Reviews-Maxwell_Food_Centre-Singapore.html
National Gallery Singapore,https://www.tripadvisor.com/Attraction_Review-g294265-d8077179-Reviews-National_Gallery_Singapore-Singapore.html
OCBC Skyway,https://www.tripadvisor.com/Attraction_Review-g294265-d10229455-Reviews-OCBC_Skyway-Singapore.html
Asian Civilisations Museum,https://www.tripadvisor.com/Attraction_Review-g294265-d310896-Reviews-Asian_Civilisations_Museum-Singapore.html
The Southern Ridges,https://www.tripadvisor.com/Attraction_Review-g294265-d1523862-Reviews-The_Southern_Ridges-Singapore.html
East Coast Park,https://www.tripadvisor.com/Attraction_Review-g294265-d317426-Reviews-East_Coast_Park-Singapore.html
The Helix Bridge,https://www.tripadvisor.com/Attraction_Review-g294265-d2138898-Reviews-The_Helix_Bridge-Singapore.html
Waterfront Promenade,https://www.tripadvisor.com/Attraction_Review-g294265-d1888876-Reviews-Waterfront_Promenade-Singapore.html
Chinese and Japanese Gardens,https://www.tripadvisor.com/Attraction_Review-g294265-d379346-Reviews-Chinese_and_Japanese_Gardens-Singapore.html
F1 - Singapore Grand Prix,https://www.tripadvisor.com/Attraction_Review-g294265-d8820216-Reviews-F1_Singapore_Grand_Prix-Singapore.html
The Shoppes at Marina Bay Sands,https://www.tripadvisor.com/Attraction_Review-g294265-d2138910-Reviews-The_Shoppes_at_Marina_Bay_Sands-Singapore.html
Fort Canning Park,https://www.tripadvisor.com/Attraction_Review-g294265-d324755-Reviews-Fort_Canning_Park-Singapore.html
MacRitchie Reservoir,https://www.tripadvisor.com/Attraction_Review-g294265-d1527627-Reviews-MacRitchie_Reservoir-Singapore.html
Arab Street,https://www.tripadvisor.com/Attraction_Review-g294265-d324757-Reviews-Arab_Street-Singapore.html
Sungei Buloh Wetland Reserve,https://www.tripadvisor.com/Attraction_Review-g294265-d315468-Reviews-Sungei_Buloh_Wetland_Reserve-Singapore.html
Chijmes,https://www.tripadvisor.com/Attraction_Review-g294265-d338376-Reviews-Chijmes-Singapore.html
Haw Par Villa,https://www.tripadvisor.com/Attraction_Review-g294265-d324758-Reviews-Haw_Par_Villa-Singapore.html
Chinatown Heritage Centre,https://www.tripadvisor.com/Attraction_Review-g294265-d324540-Reviews-Chinatown_Heritage_Centre-Singapore.html
Wild Wild Wet,https://www.tripadvisor.com/Attraction_Review-g294265-d641343-Reviews-Wild_Wild_Wet-Singapore.html
Henderson Waves,https://www.tripadvisor.com/Attraction_Review-g294265-d3561693-Reviews-Henderson_Waves-Singapore.html
VivoCity,https://www.tripadvisor.com/Attraction_Review-g294265-d634131-Reviews-VivoCity-Singapore.html
Science Centre Singapore,https://www.tripadvisor.com/Attraction_Review-g294265-d446423-Reviews-Science_Centre_Singapore-Singapore.html
Kampong Glam,https://www.tripadvisor.com/Attraction_Review-g294265-d317436-Reviews-Kampong_Glam-Singapore.html
Suntec City,https://www.tripadvisor.com/Attraction_Review-g294265-d317398-Reviews-Suntec_City-Singapore.html
Sultan Mosque,https://www.tripadvisor.com/Attraction_Review-g294265-d317468-Reviews-Sultan_Mosque-Singapore.html
Marina Barrage,https://www.tripadvisor.com/Attraction_Review-g294265-d1823698-Reviews-Marina_Barrage-Singapore.html
Boat Quay,https://www.tripadvisor.com/Attraction_Review-g294265-d317397-Reviews-Boat_Quay-Singapore.html
Peranakan Museum,https://www.tripadvisor.com/Attraction_Review-g294265-d1491151-Reviews-Peranakan_Museum-Singapore.html
ArtScience Museum at Marina Bay Sands,https://www.tripadvisor.com/Attraction_Review-g294265-d2138895-Reviews-ArtScience_Museum_at_Marina_Bay_Sands-Singapore.html
Bukit Timah Nature Reserve,https://www.tripadvisor.com/Attraction_Review-g294265-d315472-Reviews-Bukit_Timah_Nature_Reserve-Singapore.html
Singapore City Gallery,https://www.tripadvisor.com/Attraction_Review-g294265-d315469-Reviews-Singapore_City_Gallery-Singapore.html
The Pinnacle @ Duxton,https://www.tripadvisor.com/Attraction_Review-g294265-d3512810-Reviews-The_Pinnacle_Duxton-Singapore.html
Satay Street,https://www.tripadvisor.com/Attraction_Review-g294265-d9977571-Reviews-Satay_Street-Singapore.html
Raffles City,https://www.tripadvisor.com/Attraction_Review-g294265-d2139569-Reviews-Raffles_City-Singapore.html
Night Safari,https://www.tripadvisor.com/Attraction_Review-g294265-d324761-Reviews-Night_Safari-Singapore.html
Little India,https://www.tripadvisor.com/Attraction_Review-g294265-d324541-Reviews-Little_India-Singapore.html
The Intan,https://www.tripadvisor.com/Attraction_Review-g294265-d7791180-Reviews-The_Intan-Singapore.html
Lau Pa Sat Festival Pavilion,https://www.tripadvisor.com/Attraction_Review-g294265-d386879-Reviews-Lau_Pa_Sat_Festival_Pavilion-Singapore.html
ION Orchard,https://www.tripadvisor.com/Attraction_Review-g294265-d2139448-Reviews-ION_Orchard-Singapore.html
Mustafa Centre,https://www.tripadvisor.com/Attraction_Review-g294265-d2139541-Reviews-Mustafa_Centre-Singapore.html
Katong District,https://www.tripadvisor.com/Attraction_Review-g294265-d640944-Reviews-Katong_District-Singapore.html
Mount Faber,https://www.tripadvisor.com/Attraction_Review-g294265-d2344356-Reviews-Mount_Faber-Singapore.html
National Library of Singapore,https://www.tripadvisor.com/Attraction_Review-g294265-d1994786-Reviews-National_Library_of_Singapore-Singapore.html
Takashimaya Singapore,https://www.tripadvisor.com/Attraction_Review-g294265-d1640638-Reviews-Takashimaya_Singapore-Singapore.html
Parkview Square,https://www.tripadvisor.com/Attraction_Review-g294265-d2341763-Reviews-Parkview_Square-Singapore.html
Emerald Hill,https://www.tripadvisor.com/Attraction_Review-g294265-d592883-Reviews-Emerald_Hill-Singapore.html
Kuan Yin Thong Hood Cho Temple,https://www.tripadvisor.com/Attraction_Review-g294265-d386878-Reviews-Kuan_Yin_Thong_Hood_Cho_Temple-Singapore.html
National Stadium,https://www.tripadvisor.com/Attraction_Review-g294265-d2349033-Reviews-National_Stadium-Singapore.html
Singapore River,https://www.tripadvisor.com/Attraction_Review-g294265-d4283466-Reviews-Singapore_River-Singapore.html
Kranji War Memorial,https://www.tripadvisor.com/Attraction_Review-g294265-d386877-Reviews-Kranji_War_Memorial-Singapore.html
Sri Veeramakaliamman Temple,https://www.tripadvisor.com/Attraction_Review-g294265-d317472-Reviews-Sri_Veeramakaliamman_Temple-Singapore.html
Lee Kong Chian Natural History Museum,https://www.tripadvisor.com/Attraction_Review-g294265-d8015325-Reviews-Lee_Kong_Chian_Natural_History_Museum-Singapore.html
The Changi Museum,https://www.tripadvisor.com/Attraction_Review-g294265-d324543-Reviews-The_Changi_Museum-Singapore.html
Plaza Singapura,https://www.tripadvisor.com/Attraction_Review-g294265-d1640639-Reviews-Plaza_Singapura-Singapore.html
Singapore Visitor Centre,https://www.tripadvisor.com/Attraction_Review-g294265-d8572446-Reviews-Singapore_Visitor_Centre-Singapore.html
City Square Mall,https://www.tripadvisor.com/Attraction_Review-g294265-d2139492-Reviews-City_Square_Mall-Singapore.html
Labrador Nature Reserve,https://www.tripadvisor.com/Attraction_Review-g294265-d2344142-Reviews-Labrador_Nature_Reserve-Singapore.html
Kusu Island,https://www.tripadvisor.com/Attraction_Review-g294265-d317438-Reviews-Kusu_Island-Singapore.html
Faber Peak,https://www.tripadvisor.com/Attraction_Review-g294265-d7221059-Reviews-Faber_Peak-Singapore.html
Sri Mariamman Temple,https://www.tripadvisor.com/Attraction_Review-g294265-d324753-Reviews-Sri_Mariamman_Temple-Singapore.html
Changi Beach,https://www.tripadvisor.com/Attraction_Review-g294265-d3459679-Reviews-Changi_Beach-Singapore.html
Esplanade Park,https://www.tripadvisor.com/Attraction_Review-g294265-d317427-Reviews-Esplanade_Park-Singapore.html
Marina Square,https://www.tripadvisor.com/Attraction_Review-g294265-d2139528-Reviews-Marina_Square-Singapore.html
Library @ Orchard,https://www.tripadvisor.com/Attraction_Review-g294265-d7254973-Reviews-Library_Orchard-Singapore.html
Hort Park,https://www.tripadvisor.com/Attraction_Review-g294265-d2344355-Reviews-Hort_Park-Singapore.html
Thian Hock Keng Temple,https://www.tripadvisor.com/Attraction_Review-g294265-d317402-Reviews-Thian_Hock_Keng_Temple-Singapore.html
Tekka Centre,https://www.tripadvisor.com/Attraction_Review-g294265-d2338971-Reviews-Tekka_Centre-Singapore.html
Raffles Hotel Arcade,https://www.tripadvisor.com/Attraction_Review-g294265-d1492403-Reviews-Raffles_Hotel_Arcade-Singapore.html
Marina Bay Sands Casino,https://www.tripadvisor.com/Attraction_Review-g294265-d1062119-Reviews-Marina_Bay_Sands_Casino-Singapore.html
Geylang Serai,https://www.tripadvisor.com/Attraction_Review-g294265-d2049172-Reviews-Geylang_Serai-Singapore.html
Joo Chiat/Katong,https://www.tripadvisor.com/Attraction_Review-g294265-d2344138-Reviews-Joo_Chiat_Katong-Singapore.html
Robertson Quay,https://www.tripadvisor.com/Attraction_Review-g294265-d3460002-Reviews-Robertson_Quay-Singapore.html
Lucky Plaza,https://www.tripadvisor.com/Attraction_Review-g294265-d317458-Reviews-Lucky_Plaza-Singapore.html
Bukit Brown Cemetery,https://www.tripadvisor.com/Attraction_Review-g294265-d2547770-Reviews-Bukit_Brown_Cemetery-Singapore.html
Chinese New Year (China Town),https://www.tripadvisor.com/Attraction_Review-g294265-d8820414-Reviews-Chinese_New_Year_China_Town-Singapore.html
Jurong Point Shopping Mall,https://www.tripadvisor.com/Attraction_Review-g294265-d6981762-Reviews-Jurong_Point_Shopping_Mall-Singapore.html
Geylang Serai New Market,https://www.tripadvisor.com/Attraction_Review-g294265-d317432-Reviews-Geylang_Serai_New_Market-Singapore.html
Tanjong Pagar,https://www.tripadvisor.com/Attraction_Review-g294265-d3915753-Reviews-Tanjong_Pagar-Singapore.html
People's Park Complex,https://www.tripadvisor.com/Attraction_Review-g294265-d8015306-Reviews-People_s_Park_Complex-Singapore.html
IMM Outlet Mall,https://www.tripadvisor.com/Attraction_Review-g294265-d4717342-Reviews-IMM_Outlet_Mall-Singapore.html
Marina Bay Cruise Centre,https://www.tripadvisor.com/Attraction_Review-g294265-d6844331-Reviews-Marina_Bay_Cruise_Centre-Singapore.html
Indian Heritage Centre,https://www.tripadvisor.com/Attraction_Review-g294265-d8072555-Reviews-Indian_Heritage_Centre-Singapore.html
Holland Village,https://www.tripadvisor.com/Attraction_Review-g294265-d2062367-Reviews-Holland_Village-Singapore.html
Kong Meng San Phor Kark See Temple,https://www.tripadvisor.com/Attraction_Review-g294265-d386876-Reviews-Kong_Meng_San_Phor_Kark_See_Temple-Singapore.html
Jacob Ballas Children's Garden,https://www.tripadvisor.com/Attraction_Review-g294265-d4355521-Reviews-Jacob_Ballas_Children_s_Garden-Singapore.html
Tangs Plaza,https://www.tripadvisor.com/Attraction_Review-g294265-d8574463-Reviews-Tangs_Plaza-Singapore.html
Chinatown Point,https://www.tripadvisor.com/Attraction_Review-g294265-d8015310-Reviews-Chinatown_Point-Singapore.html
Fountain of Wealth,https://www.tripadvisor.com/Attraction_Review-g294265-d317428-Reviews-Fountain_of_Wealth-Singapore.html
Cathedral of the Good Shepherd,https://www.tripadvisor.com/Attraction_Review-g294265-d379341-Reviews-Cathedral_of_the_Good_Shepherd-Singapore.html
St Andrew's Cathedral,https://www.tripadvisor.com/Attraction_Review-g294265-d446427-Reviews-St_Andrew_s_Cathedral-Singapore.html
Pasir Ris Town Park,https://www.tripadvisor.com/Attraction_Review-g294265-d591382-Reviews-Pasir_Ris_Town_Park-Singapore.html
Far East Organization Children's Garden,https://www.tripadvisor.com/Attraction_Review-g294265-d10040709-Reviews-Far_East_Organization_Children_s_Garden-Singapore.html
313@somerset,https://www.tripadvisor.com/Attraction_Review-g294265-d2139475-Reviews-313_somerset-Singapore.html
Pagoda Street,https://www.tripadvisor.com/Attraction_Review-g294265-d8399607-Reviews-Pagoda_Street-Singapore.html
Lazarus Island,https://www.tripadvisor.com/Attraction_Review-g294265-d12105952-Reviews-Lazarus_Island-Singapore.html
Mint Museum of Toys,https://www.tripadvisor.com/Attraction_Review-g294265-d1452075-Reviews-Mint_Museum_of_Toys-Singapore.html
NUS Baba House,https://www.tripadvisor.com/Attraction_Review-g294265-d1857193-Reviews-NUS_Baba_House-Singapore.html
Ngee Ann City,https://www.tripadvisor.com/Attraction_Review-g294265-d2139551-Reviews-Ngee_Ann_City-Singapore.html
Bukit Batok Nature Park,https://www.tripadvisor.com/Attraction_Review-g294265-d591455-Reviews-Bukit_Batok_Nature_Park-Singapore.html
Victoria Theatre & Victoria Concert Hall,https://www.tripadvisor.com/Attraction_Review-g294265-d446443-Reviews-Victoria_Theatre_Victoria_Concert_Hall-Singapore.html
Malay Heritage Centre,https://www.tripadvisor.com/Attraction_Review-g294265-d1371240-Reviews-Malay_Heritage_Centre-Singapore.html
Admiralty Park,https://www.tripadvisor.com/Attraction_Review-g294265-d7396418-Reviews-Admiralty_Park-Singapore.html
Singapore Turf Club,https://www.tripadvisor.com/Attraction_Review-g294265-d562954-Reviews-Singapore_Turf_Club-Singapore.html
Tanah Merah Ferry Terminal,https://www.tripadvisor.com/Attraction_Review-g294265-d1638636-Reviews-Tanah_Merah_Ferry_Terminal-Singapore.html
Lian Shan Shuang Lin Temple,https://www.tripadvisor.com/Attraction_Review-g294265-d446424-Reviews-Lian_Shan_Shuang_Lin_Temple-Singapore.html
Former Ford Factory,https://www.tripadvisor.com/Attraction_Review-g294265-d14149881-Reviews-Former_Ford_Factory-Singapore.html
Telok Ayer Street,https://www.tripadvisor.com/Attraction_Review-g294265-d324751-Reviews-Telok_Ayer_Street-Singapore.html
Singapore Philatelic Museum,https://www.tripadvisor.com/Attraction_Review-g294265-d446422-Reviews-Singapore_Philatelic_Museum-Singapore.html
Bishan Ang Mo Kio Park,https://www.tripadvisor.com/Attraction_Review-g294265-d4578243-Reviews-Bishan_Ang_Mo_Kio_Park-Singapore.html
HarbourFront Centre,https://www.tripadvisor.com/Attraction_Review-g294265-d7797836-Reviews-HarbourFront_Centre-Singapore.html
St John's Island,https://www.tripadvisor.com/Attraction_Review-g294265-d2344433-Reviews-St_John_s_Island-Singapore.html
West Coast Park,https://www.tripadvisor.com/Attraction_Review-g294265-d2587912-Reviews-West_Coast_Park-Singapore.html
Air Force Museum,https://www.tripadvisor.com/Attraction_Review-g294265-d562179-Reviews-Air_Force_Museum-Singapore.html
Funan,https://www.tripadvisor.com/Attraction_Review-g294265-d2139508-Reviews-Funan-Singapore.html
River Hongbao,https://www.tripadvisor.com/Attraction_Review-g294265-d8820412-Reviews-River_Hongbao-Singapore.html
Suntec Singapore Convention & Exhibition Centre,https://www.tripadvisor.com/Attraction_Review-g294265-d1419989-Reviews-Suntec_Singapore_Convention_Exhibition_Centre-Singapore.html
Singapore Cricket Club,https://www.tripadvisor.com/Attraction_Review-g294265-d591520-Reviews-Singapore_Cricket_Club-Singapore.html
Resorts World Sentosa Casino,https://www.tripadvisor.com/Attraction_Review-g294265-d1994850-Reviews-Resorts_World_Sentosa_Casino-Singapore.html
Changi Point Boardwalk,https://www.tripadvisor.com/Attraction_Review-g294265-d8010699-Reviews-Changi_Point_Boardwalk-Singapore.html
Isetan Scotts,https://www.tripadvisor.com/Attraction_Review-g294265-d1892450-Reviews-Isetan_Scotts-Singapore.html
Red Dot Design Museum,https://www.tripadvisor.com/Attraction_Review-g294265-d1937005-Reviews-Red_Dot_Design_Museum-Singapore.html
i Light Marina Bay,https://www.tripadvisor.com/Attraction_Review-g294265-d10020483-Reviews-I_Light_Marina_Bay-Singapore.html
Floral Fantasy,https://www.tripadvisor.com/Attraction_Review-g294265-d17434131-Reviews-Floral_Fantasy-Singapore.html
ION Sky,https://www.tripadvisor.com/Attraction_Review-g294265-d2280987-Reviews-ION_Sky-Singapore.html
Surviving the Japanese Occupation: War and Its Legacies,https://www.tripadvisor.com/Attraction_Review-g294265-d1583427-Reviews-Surviving_the_Japanese_Occupation_War_and_Its_Legacies-Singapore.html
Sri Krishnan Temple,https://www.tripadvisor.com/Attraction_Review-g294265-d1888871-Reviews-Sri_Krishnan_Temple-Singapore.html
Marina Bay Singapore Countdown,https://www.tripadvisor.com/Attraction_Review-g294265-d10411295-Reviews-Marina_Bay_Singapore_Countdown-Singapore.html
Singapore Art Museum,https://www.tripadvisor.com/Attraction_Review-g294265-d310899-Reviews-Singapore_Art_Museum-Singapore.html
Riverside Point,https://www.tripadvisor.com/Attraction_Review-g294265-d10491239-Reviews-Riverside_Point-Singapore.html
HSBC Rain Vortex,https://www.tripadvisor.com/Attraction_Review-g294265-d16824897-Reviews-HSBC_Rain_Vortex-Singapore.html
Nex,https://www.tripadvisor.com/Attraction_Review-g294265-d4355205-Reviews-Nex-Singapore.html
Cavenagh Bridge,https://www.tripadvisor.com/Attraction_Review-g294265-d591456-Reviews-Cavenagh_Bridge-Singapore.html
House of Tan Teng Niah,https://www.tripadvisor.com/Attraction_Review-g294265-d13147635-Reviews-House_of_Tan_Teng_Niah-Singapore.html
Liang Court,https://www.tripadvisor.com/Attraction_Review-g294265-d8653636-Reviews-Liang_Court-Singapore.html
The NEWater Visitor Centre,https://www.tripadvisor.com/Attraction_Review-g294265-d1993200-Reviews-The_NEWater_Visitor_Centre-Singapore.html
Central Fire Station,https://www.tripadvisor.com/Attraction_Review-g294265-d591532-Reviews-Central_Fire_Station-Singapore.html
Sri Srinivasa Perumal Temple,https://www.tripadvisor.com/Attraction_Review-g294265-d317471-Reviews-Sri_Srinivasa_Perumal_Temple-Singapore.html
Bollywood Veggies,https://www.tripadvisor.com/Attraction_Review-g294265-d2344448-Reviews-Bollywood_Veggies-Singapore.html
Singapore Night Festival,https://www.tripadvisor.com/Attraction_Review-g294265-d8820417-Reviews-Singapore_Night_Festival-Singapore.html
Bedok Reservoir Park,https://www.tripadvisor.com/Attraction_Review-g294265-d8010667-Reviews-Bedok_Reservoir_Park-Singapore.html
Singapore Indoor Stadium,https://www.tripadvisor.com/Attraction_Review-g294265-d2348984-Reviews-Singapore_Indoor_Stadium-Singapore.html
Coney Island Park,https://www.tripadvisor.com/Attraction_Review-g294265-d8720312-Reviews-Coney_Island_Park-Singapore.html
Istana,https://www.tripadvisor.com/Attraction_Review-g294265-d446430-Reviews-Istana-Singapore.html
Great World,https://www.tripadvisor.com/Attraction_Review-g294265-d2338979-Reviews-Great_World-Singapore.html
Temple Street,https://www.tripadvisor.com/Attraction_Review-g294265-d10850321-Reviews-Temple_Street-Singapore.html
Tiong Bahru Estate,https://www.tripadvisor.com/Attraction_Review-g294265-d2371793-Reviews-Tiong_Bahru_Estate-Singapore.html
Orchard Central,https://www.tripadvisor.com/Attraction_Review-g294265-d2139558-Reviews-Orchard_Central-Singapore.html
Jurong East Swimming Complex,https://www.tripadvisor.com/Attraction_Review-g294265-d2258396-Reviews-Jurong_East_Swimming_Complex-Singapore.html
Punggol Waterway Park,https://www.tripadvisor.com/Attraction_Review-g294265-d9580678-Reviews-Punggol_Waterway_Park-Singapore.html
Sands Expo and Convention Center,https://www.tripadvisor.com/Attraction_Review-g294265-d8561913-Reviews-Sands_Expo_and_Convention_Center-Singapore.html
Gillman Barracks,https://www.tripadvisor.com/Attraction_Review-g294265-d4355460-Reviews-Gillman_Barracks-Singapore.html
Church of St. Alphonsus,https://www.tripadvisor.com/Attraction_Review-g294265-d12967606-Reviews-Church_of_St_Alphonsus-Singapore.html
Central Business District,https://www.tripadvisor.com/Attraction_Review-g294265-d317414-Reviews-Central_Business_District-Singapore.html
Jubilee Bridge,https://www.tripadvisor.com/Attraction_Review-g294265-d11843969-Reviews-Jubilee_Bridge-Singapore.html
Chingay Parade,https://www.tripadvisor.com/Attraction_Review-g294265-d8820413-Reviews-Chingay_Parade-Singapore.html
Parkview Museum,https://www.tripadvisor.com/Attraction_Review-g294265-d12287411-Reviews-Parkview_Museum-Singapore.html
Singapore Musical Box Museum,https://www.tripadvisor.com/Attraction_Review-g294265-d9604652-Reviews-Singapore_Musical_Box_Museum-Singapore.html
Lower Peirce Reservoir Park,https://www.tripadvisor.com/Attraction_Review-g294265-d8772713-Reviews-Lower_Peirce_Reservoir_Park-Singapore.html
Christmas Wonderland at Gardens By The Bay,https://www.tripadvisor.com/Attraction_Review-g294265-d10020481-Reviews-Christmas_Wonderland_at_Gardens_By_The_Bay-Singapore.html
The Animal Resort,https://www.tripadvisor.com/Attraction_Review-g294265-d7189348-Reviews-The_Animal_Resort-Singapore.html
Orchard Gateway,https://www.tripadvisor.com/Attraction_Review-g294265-d8565683-Reviews-Orchard_Gateway-Singapore.html
Thow Kwang Pottery Jungle and Dragon Kiln,https://www.tripadvisor.com/Attraction_Review-g294265-d5770223-Reviews-Thow_Kwang_Pottery_Jungle_and_Dragon_Kiln-Singapore.html
Bugis+,https://www.tripadvisor.com/Attraction_Review-g294265-d9990227-Reviews-Bugis-Singapore.html
Sun Yat Sen Nanyang Memorial Hall,https://www.tripadvisor.com/Attraction_Review-g294265-d338367-Reviews-Sun_Yat_Sen_Nanyang_Memorial_Hall-Singapore.html
Snow City Singapore,https://www.tripadvisor.com/Attraction_Review-g294265-d1550566-Reviews-Snow_City_Singapore-Singapore.html
The Centrepoint,https://www.tripadvisor.com/Attraction_Review-g294265-d2139485-Reviews-The_Centrepoint-Singapore.html
Kallang Wave Mall,https://www.tripadvisor.com/Attraction_Review-g294265-d8452085-Reviews-Kallang_Wave_Mall-Singapore.html
Boon Tat St,https://www.tripadvisor.com/Attraction_Review-g294265-d1516755-Reviews-Boon_Tat_St-Singapore.html
Sri Senpaga Vinayagar Temple,https://www.tripadvisor.com/Attraction_Review-g294265-d2341794-Reviews-Sri_Senpaga_Vinayagar_Temple-Singapore.html
Our Tampines Hub,https://www.tripadvisor.com/Attraction_Review-g294265-d15579001-Reviews-Our_Tampines_Hub-Singapore.html
National University of Singapore,https://www.tripadvisor.com/Attraction_Review-g294265-d10181429-Reviews-National_University_of_Singapore-Singapore.html
Singapore Discovery Centre,https://www.tripadvisor.com/Attraction_Review-g294265-d446421-Reviews-Singapore_Discovery_Centre-Singapore.html
Sembawang Hot Spring,https://www.tripadvisor.com/Attraction_Review-g294265-d6538922-Reviews-Sembawang_Hot_Spring-Singapore.html
Tanglin Mall Bazaar,https://www.tripadvisor.com/Attraction_Review-g294265-d2338946-Reviews-Tanglin_Mall_Bazaar-Singapore.html
People of the River,https://www.tripadvisor.com/Attraction_Review-g294265-d2341762-Reviews-People_of_the_River-Singapore.html
Sembawang Park,https://www.tripadvisor.com/Attraction_Review-g294265-d623071-Reviews-Sembawang_Park-Singapore.html
Statue of Raffles,https://www.tripadvisor.com/Attraction_Review-g294265-d446429-Reviews-Statue_of_Raffles-Singapore.html
Masjid Abdul Gafoor,https://www.tripadvisor.com/Attraction_Review-g294265-d2341783-Reviews-Masjid_Abdul_Gafoor-Singapore.html
Hill Street Building,https://www.tripadvisor.com/Attraction_Review-g294265-d379351-Reviews-Hill_Street_Building-Singapore.html
Horizon Fast Ferry,https://www.tripadvisor.com/Attraction_Review-g294265-d9787725-Reviews-Horizon_Fast_Ferry-Singapore.html
Coney Island Park,https://www.tripadvisor.com/Attraction_Review-g294265-d8720288-Reviews-Coney_Island_Park-Singapore.html
The Live Turtle and Tortoise Museum,https://www.tripadvisor.com/Attraction_Review-g294265-d1138048-Reviews-The_Live_Turtle_and_Tortoise_Museum-Singapore.html
Sri Vadapathira Kaliamman Temple,https://www.tripadvisor.com/Attraction_Review-g294265-d10000540-Reviews-Sri_Vadapathira_Kaliamman_Temple-Singapore.html
The Green Corridor,https://www.tripadvisor.com/Attraction_Review-g294265-d7393386-Reviews-The_Green_Corridor-Singapore.html
Marine Cove Playground,https://www.tripadvisor.com/Attraction_Review-g294265-d10532196-Reviews-Marine_Cove_Playground-Singapore.html
Tampines Mall,https://www.tripadvisor.com/Attraction_Review-g294265-d10538832-Reviews-Tampines_Mall-Singapore.html
Wisma Atria Shopping Centre,https://www.tripadvisor.com/Attraction_Review-g294265-d1516753-Reviews-Wisma_Atria_Shopping_Centre-Singapore.html
Vintage Camera Museum,https://www.tripadvisor.com/Attraction_Review-g294265-d12505397-Reviews-Vintage_Camera_Museum-Singapore.html
Anderson Bridge,https://www.tripadvisor.com/Attraction_Review-g294265-d591431-Reviews-Anderson_Bridge-Singapore.html
GX-5 Xtreme Swing,https://www.tripadvisor.com/Attraction_Review-g294265-d2344540-Reviews-GX_5_Xtreme_Swing-Singapore.html
Chestnut Nature Park,https://www.tripadvisor.com/Attraction_Review-g294265-d12345257-Reviews-Chestnut_Nature_Park-Singapore.html
Katong Antique House,https://www.tripadvisor.com/Attraction_Review-g294265-d317437-Reviews-Katong_Antique_House-Singapore.html
G-MAX Reverse Bungy,https://www.tripadvisor.com/Attraction_Review-g294265-d941492-Reviews-G_MAX_Reverse_Bungy-Singapore.html
Silat Road Sikh Temple,https://www.tripadvisor.com/Attraction_Review-g294265-d6740370-Reviews-Silat_Road_Sikh_Temple-Singapore.html
Istana Park,https://www.tripadvisor.com/Attraction_Review-g294265-d8124760-Reviews-Istana_Park-Singapore.html
UOB,https://www.tripadvisor.com/Attraction_Review-g294265-d591191-Reviews-UOB-Singapore.html
The Arts House,https://www.tripadvisor.com/Attraction_Review-g294265-d317457-Reviews-The_Arts_House-Singapore.html
Armenian Church,https://www.tripadvisor.com/Attraction_Review-g294265-d310895-Reviews-Armenian_Church-Singapore.html
Raffles Place Skyscraper Buildings,https://www.tripadvisor.com/Attraction_Review-g294265-d8399830-Reviews-Raffles_Place_Skyscraper_Buildings-Singapore.html
OCBC Aquatic Centre,https://www.tripadvisor.com/Attraction_Review-g294265-d7384474-Reviews-OCBC_Aquatic_Centre-Singapore.html
Kent Ridge Park,https://www.tripadvisor.com/Attraction_Review-g294265-d2291384-Reviews-Kent_Ridge_Park-Singapore.html
Asia Square Tower,https://www.tripadvisor.com/Attraction_Review-g294265-d8501414-Reviews-Asia_Square_Tower-Singapore.html
Bedok Mall,https://www.tripadvisor.com/Attraction_Review-g294265-d8387489-Reviews-Bedok_Mall-Singapore.html
Chan Ngee,https://www.tripadvisor.com/Attraction_Review-g294265-d12692854-Reviews-Chan_Ngee-Singapore.html
Waterway Point,https://www.tripadvisor.com/Attraction_Review-g294265-d10000725-Reviews-Waterway_Point-Singapore.html
Kampong Buangkok,https://www.tripadvisor.com/Attraction_Review-g294265-d7142898-Reviews-Kampong_Buangkok-Singapore.html
Esplanade Bridge,https://www.tripadvisor.com/Attraction_Review-g294265-d8486295-Reviews-Esplanade_Bridge-Singapore.html
Civil Defence Heritage Gallery,https://www.tripadvisor.com/Attraction_Review-g294265-d576932-Reviews-Civil_Defence_Heritage_Gallery-Singapore.html
Ang Mo Kio Town,https://www.tripadvisor.com/Attraction_Review-g294265-d3512386-Reviews-Ang_Mo_Kio_Town-Singapore.html
Japanese Cemetery Park,https://www.tripadvisor.com/Attraction_Review-g294265-d3459923-Reviews-Japanese_Cemetery_Park-Singapore.html
"Temple of 1,000 Lights (Sakya Muni Buddha Gaya)",https://www.tripadvisor.com/Attraction_Review-g294265-d446417-Reviews-Temple_of_1_000_Lights_Sakya_Muni_Buddha_Gaya-Singapore.html
National Design Centre,https://www.tripadvisor.com/Attraction_Review-g294265-d5943805-Reviews-National_Design_Centre-Singapore.html
Singapore Quarry,https://www.tripadvisor.com/Attraction_Review-g294265-d7727452-Reviews-Singapore_Quarry-Singapore.html
New Creation Church,https://www.tripadvisor.com/Attraction_Review-g294265-d13150066-Reviews-New_Creation_Church-Singapore.html
Robinsons The Heeren,https://www.tripadvisor.com/Attraction_Review-g294265-d7084036-Reviews-Robinsons_The_Heeren-Singapore.html
United Square Shopping Mall,https://www.tripadvisor.com/Attraction_Review-g294265-d8130730-Reviews-United_Square_Shopping_Mall-Singapore.html
China Square Central,https://www.tripadvisor.com/Attraction_Review-g294265-d2338978-Reviews-China_Square_Central-Singapore.html
Reflections at Bukit Chandu,https://www.tripadvisor.com/Attraction_Review-g294265-d2403126-Reviews-Reflections_at_Bukit_Chandu-Singapore.html
Peranakan Houses,https://www.tripadvisor.com/Attraction_Review-g294265-d15684468-Reviews-Peranakan_Houses-Singapore.html
West Coast Plaza,https://www.tripadvisor.com/Attraction_Review-g294265-d12204918-Reviews-West_Coast_Plaza-Singapore.html
Sakya Muni Buddha Gaya Temple,https://www.tripadvisor.com/Attraction_Review-g294265-d2341789-Reviews-Sakya_Muni_Buddha_Gaya_Temple-Singapore.html
Prudential Marina Bay Carnival,https://www.tripadvisor.com/Attraction_Review-g294265-d13546273-Reviews-Prudential_Marina_Bay_Carnival-Singapore.html
Tanglin Shopping Centre,https://www.tripadvisor.com/Attraction_Review-g294265-d2338936-Reviews-Tanglin_Shopping_Centre-Singapore.html
Sri Layan Sithi Vinayagar Temple,https://www.tripadvisor.com/Attraction_Review-g294265-d7804225-Reviews-Sri_Layan_Sithi_Vinayagar_Temple-Singapore.html
Civilian War Memorial,https://www.tripadvisor.com/Attraction_Review-g294265-d3459938-Reviews-Civilian_War_Memorial-Singapore.html
Tekka Temporary Market,https://www.tripadvisor.com/Attraction_Review-g294265-d1516752-Reviews-Tekka_Temporary_Market-Singapore.html
The Church Of Our Lady Of Lourdes,https://www.tripadvisor.com/Attraction_Review-g294265-d4355488-Reviews-The_Church_Of_Our_Lady_Of_Lourdes-Singapore.html
Jewel Canopy Park,https://www.tripadvisor.com/Attraction_Review-g294265-d16824916-Reviews-Jewel_Canopy_Park-Singapore.html
City Hall Building,https://www.tripadvisor.com/Attraction_Review-g294265-d317421-Reviews-City_Hall_Building-Singapore.html
The Gem Museum,https://www.tripadvisor.com/Attraction_Review-g294265-d9724660-Reviews-The_Gem_Museum-Singapore.html
Loyang Tua Pek Kong Temple,https://www.tripadvisor.com/Attraction_Review-g294265-d10398816-Reviews-Loyang_Tua_Pek_Kong_Temple-Singapore.html
Republic of Singapore Navy Museum,https://www.tripadvisor.com/Attraction_Review-g294265-d5892197-Reviews-Republic_of_Singapore_Navy_Museum-Singapore.html
Woodlands,https://www.tripadvisor.com/Attraction_Review-g294265-d2344350-Reviews-Woodlands-Singapore.html
112 Katong,https://www.tripadvisor.com/Attraction_Review-g294265-d8650385-Reviews-112_Katong-Singapore.html
Singapore Maritime Gallery,https://www.tripadvisor.com/Attraction_Review-g294265-d4432790-Reviews-Singapore_Maritime_Gallery-Singapore.html
Sago Street (Street Of The Dead),https://www.tripadvisor.com/Attraction_Review-g294265-d317466-Reviews-Sago_Street_Street_Of_The_Dead-Singapore.html
Bukit Panjang Hawker Centre and Market,https://www.tripadvisor.com/Attraction_Review-g294265-d10266407-Reviews-Bukit_Panjang_Hawker_Centre_and_Market-Singapore.html
The Star Performing Arts Centre,https://www.tripadvisor.com/Attraction_Review-g294265-d8010605-Reviews-The_Star_Performing_Arts_Centre-Singapore.html
Thaipusam Festival,https://www.tripadvisor.com/Attraction_Review-g294265-d8820411-Reviews-Thaipusam_Festival-Singapore.html
Woodlands Waterfront Park,https://www.tripadvisor.com/Attraction_Review-g294265-d6677798-Reviews-Woodlands_Waterfront_Park-Singapore.html
The Grande Whisky Collection,https://www.tripadvisor.com/Attraction_Review-g294265-d15226487-Reviews-The_Grande_Whisky_Collection-Singapore.html
Wheelock Place,https://www.tripadvisor.com/Attraction_Review-g294265-d8588328-Reviews-Wheelock_Place-Singapore.html
Padang,https://www.tripadvisor.com/Attraction_Review-g294265-d317455-Reviews-Padang-Singapore.html
Downtown East,https://www.tripadvisor.com/Attraction_Review-g294265-d2148698-Reviews-Downtown_East-Singapore.html
Lorong Halus Wetland,https://www.tripadvisor.com/Attraction_Review-g294265-d8010632-Reviews-Lorong_Halus_Wetland-Singapore.html
Raffles Landing Site,https://www.tripadvisor.com/Attraction_Review-g294265-d317464-Reviews-Raffles_Landing_Site-Singapore.html
Hdb,https://www.tripadvisor.com/Attraction_Review-g294265-d3459870-Reviews-Hdb-Singapore.html
Batamfast,https://www.tripadvisor.com/Attraction_Review-g294265-d12255345-Reviews-Batamfast-Singapore.html
Orchard Plaza,https://www.tripadvisor.com/Attraction_Review-g294265-d8572864-Reviews-Orchard_Plaza-Singapore.html
Singapore Sports Hub,https://www.tripadvisor.com/Attraction_Review-g294265-d13906358-Reviews-Singapore_Sports_Hub-Singapore.html
Beauty World Centre,https://www.tripadvisor.com/Attraction_Review-g294265-d10807485-Reviews-Beauty_World_Centre-Singapore.html
MasterCard Theatres,https://www.tripadvisor.com/Attraction_Review-g294265-d8759258-Reviews-MasterCard_Theatres-Singapore.html
Joo Chiat Complex,https://www.tripadvisor.com/Attraction_Review-g294265-d2338948-Reviews-Joo_Chiat_Complex-Singapore.html
Mandarin Gallery,https://www.tripadvisor.com/Attraction_Review-g294265-d2139514-Reviews-Mandarin_Gallery-Singapore.html
Ode To Art,https://www.tripadvisor.com/Attraction_Review-g294265-d2341738-Reviews-Ode_To_Art-Singapore.html
Sri Shivan Temple,https://www.tripadvisor.com/Attraction_Review-g294265-d5960144-Reviews-Sri_Shivan_Temple-Singapore.html
The Joy Of Toys,https://www.tripadvisor.com/Attraction_Review-g294265-d13007753-Reviews-The_Joy_Of_Toys-Singapore.html
Hindhede Quarry,https://www.tripadvisor.com/Attraction_Review-g294265-d10211790-Reviews-Hindhede_Quarry-Singapore.html
Farmart Centre,https://www.tripadvisor.com/Attraction_Review-g294265-d2344443-Reviews-Farmart_Centre-Singapore.html
Capitol Piazza,https://www.tripadvisor.com/Attraction_Review-g294265-d8816162-Reviews-Capitol_Piazza-Singapore.html
Shaw Centre,https://www.tripadvisor.com/Attraction_Review-g294265-d2478768-Reviews-Shaw_Centre-Singapore.html
Velocity,https://www.tripadvisor.com/Attraction_Review-g294265-d12583587-Reviews-Velocity-Singapore.html
Elgin Bridge,https://www.tripadvisor.com/Attraction_Review-g294265-d8639180-Reviews-Elgin_Bridge-Singapore.html
Scotts Square,https://www.tripadvisor.com/Attraction_Review-g294265-d3459200-Reviews-Scotts_Square-Singapore.html
Clementi Mall,https://www.tripadvisor.com/Attraction_Review-g294265-d12309383-Reviews-Clementi_Mall-Singapore.html
Yue Hwa Chinese Products Emporium,https://www.tripadvisor.com/Attraction_Review-g294265-d8573942-Reviews-Yue_Hwa_Chinese_Products_Emporium-Singapore.html
Far East Shopping Centre,https://www.tripadvisor.com/Attraction_Review-g294265-d2338907-Reviews-Far_East_Shopping_Centre-Singapore.html
Zhongshan Mall,https://www.tripadvisor.com/Attraction_Review-g294265-d4985955-Reviews-Zhongshan_Mall-Singapore.html
Marine Parade Market,https://www.tripadvisor.com/Attraction_Review-g294265-d10257480-Reviews-Marine_Parade_Market-Singapore.html
Toa Payoh Town Park,https://www.tripadvisor.com/Attraction_Review-g294265-d8011513-Reviews-Toa_Payoh_Town_Park-Singapore.html
Central Sikh Temple,https://www.tripadvisor.com/Attraction_Review-g294265-d2341785-Reviews-Central_Sikh_Temple-Singapore.html
Hajjah Fatimah Mosque,https://www.tripadvisor.com/Attraction_Review-g294265-d338358-Reviews-Hajjah_Fatimah_Mosque-Singapore.html
Punggol Park,https://www.tripadvisor.com/Attraction_Review-g294265-d4686527-Reviews-Punggol_Park-Singapore.html
Makam Habib Noh,https://www.tripadvisor.com/Attraction_Review-g294265-d4355176-Reviews-Makam_Habib_Noh-Singapore.html
Hay Dairies,https://www.tripadvisor.com/Attraction_Review-g294265-d2344441-Reviews-Hay_Dairies-Singapore.html
Omni-Theatre by Science Centre Singapore,https://www.tripadvisor.com/Attraction_Review-g294265-d592089-Reviews-Omni_Theatre_by_Science_Centre_Singapore-Singapore.html
Ann Siang Hill Park,https://www.tripadvisor.com/Attraction_Review-g294265-d8484024-Reviews-Ann_Siang_Hill_Park-Singapore.html
Queensway Shopping Centre,https://www.tripadvisor.com/Attraction_Review-g294265-d8011488-Reviews-Queensway_Shopping_Centre-Singapore.html
Leong San See Temple,https://www.tripadvisor.com/Attraction_Review-g294265-d317442-Reviews-Leong_San_See_Temple-Singapore.html
Kranji Marshes,https://www.tripadvisor.com/Attraction_Review-g294265-d9798918-Reviews-Kranji_Marshes-Singapore.html
Night Safari Wallaby Trail,https://www.tripadvisor.com/Attraction_Review-g294265-d3459631-Reviews-Night_Safari_Wallaby_Trail-Singapore.html
SBS Transit - Rail Transit,https://www.tripadvisor.com/Attraction_Review-g294265-d11851217-Reviews-SBS_Transit_Rail_Transit-Singapore.html
MCI and MCCY Building,https://www.tripadvisor.com/Attraction_Review-g294265-d2341761-Reviews-MCI_and_MCCY_Building-Singapore.html
St Joseph's Church,https://www.tripadvisor.com/Attraction_Review-g294265-d2341790-Reviews-St_Joseph_s_Church-Singapore.html
Dairy Farm Nature Park,https://www.tripadvisor.com/Attraction_Review-g294265-d14052790-Reviews-Dairy_Farm_Nature_Park-Singapore.html
Jamal Kazura Aromatics,https://www.tripadvisor.com/Attraction_Review-g294265-d7396029-Reviews-Jamal_Kazura_Aromatics-Singapore.html
Changi Sri Ramar Temple,https://www.tripadvisor.com/Attraction_Review-g294265-d5937491-Reviews-Changi_Sri_Ramar_Temple-Singapore.html
Peninsula Plaza,https://www.tripadvisor.com/Attraction_Review-g294265-d11833802-Reviews-Peninsula_Plaza-Singapore.html
Upper Seletar Reservoir,https://www.tripadvisor.com/Attraction_Review-g294265-d10231105-Reviews-Upper_Seletar_Reservoir-Singapore.html
Jamae Mosque,https://www.tripadvisor.com/Attraction_Review-g294265-d379355-Reviews-Jamae_Mosque-Singapore.html
Robinsons Raffles City,https://www.tripadvisor.com/Attraction_Review-g294265-d2338952-Reviews-Robinsons_Raffles_City-Singapore.html
Hillion Mall,https://www.tripadvisor.com/Attraction_Review-g294265-d12315951-Reviews-Hillion_Mall-Singapore.html
Queen Elizabeth Walk,https://www.tripadvisor.com/Attraction_Review-g294265-d8500921-Reviews-Queen_Elizabeth_Walk-Singapore.html
SingPost Centre,https://www.tripadvisor.com/Attraction_Review-g294265-d13480865-Reviews-SingPost_Centre-Singapore.html
Nanyang Technological University,https://www.tripadvisor.com/Attraction_Review-g294265-d11966386-Reviews-Nanyang_Technological_University-Singapore.html
Chinatown Mid-Autumn Festival Light-Up and Celebrations,https://www.tripadvisor.com/Attraction_Review-g294265-d10020495-Reviews-Chinatown_Mid_Autumn_Festival_Light_Up_and_Celebrations-Singapore.html
Campbell Lane,https://www.tripadvisor.com/Attraction_Review-g294265-d317412-Reviews-Campbell_Lane-Singapore.html
City Link Mall,https://www.tripadvisor.com/Attraction_Review-g294265-d2049181-Reviews-City_Link_Mall-Singapore.html
Rail Mall,https://www.tripadvisor.com/Attraction_Review-g294265-d6880978-Reviews-Rail_Mall-Singapore.html
Church of the Sacred Heart,https://www.tripadvisor.com/Attraction_Review-g294265-d6877717-Reviews-Church_of_the_Sacred_Heart-Singapore.html
Abdul Gaffoor Mosque,https://www.tripadvisor.com/Attraction_Review-g294265-d317393-Reviews-Abdul_Gaffoor_Mosque-Singapore.html
The American Club Singapore,https://www.tripadvisor.com/Attraction_Review-g294265-d10728933-Reviews-The_American_Club_Singapore-Singapore.html
Everton Road Street Art,https://www.tripadvisor.com/Attraction_Review-g294265-d10391779-Reviews-Everton_Road_Street_Art-Singapore.html
Esplanade Xchange,https://www.tripadvisor.com/Attraction_Review-g294265-d8550260-Reviews-Esplanade_Xchange-Singapore.html
Far East Square,https://www.tripadvisor.com/Attraction_Review-g294265-d7272368-Reviews-Far_East_Square-Singapore.html
Kallang Ice World ,https://www.tripadvisor.com/Attraction_Review-g294265-d7791186-Reviews-Kallang_Ice_World-Singapore.html
Singapore Food Festival,https://www.tripadvisor.com/Attraction_Review-g294265-d8820416-Reviews-Singapore_Food_Festival-Singapore.html
The Bubble Tea Factory,https://www.tripadvisor.com/Attraction_Review-g294265-d19589853-Reviews-The_Bubble_Tea_Factory-Singapore.html
Pasir Ris Fishing Pond,https://www.tripadvisor.com/Attraction_Review-g294265-d7364014-Reviews-Pasir_Ris_Fishing_Pond-Singapore.html
Marsiling Mall,https://www.tripadvisor.com/Attraction_Review-g294265-d15456173-Reviews-Marsiling_Mall-Singapore.html
West Mall,https://www.tripadvisor.com/Attraction_Review-g294265-d11611811-Reviews-West_Mall-Singapore.html
Fort Canning Arts Centre,https://www.tripadvisor.com/Attraction_Review-g294265-d12785269-Reviews-Fort_Canning_Arts_Centre-Singapore.html
Church of Saints Peter and Paul,https://www.tripadvisor.com/Attraction_Review-g294265-d2432275-Reviews-Church_of_Saints_Peter_and_Paul-Singapore.html
Seletar Mall,https://www.tripadvisor.com/Attraction_Review-g294265-d7286636-Reviews-Seletar_Mall-Singapore.html
Petain Road,https://www.tripadvisor.com/Attraction_Review-g294265-d317459-Reviews-Petain_Road-Singapore.html
J-Cube Mall,https://www.tripadvisor.com/Attraction_Review-g294265-d3879022-Reviews-J_Cube_Mall-Singapore.html
Grand Theater,https://www.tripadvisor.com/Attraction_Review-g294265-d2493260-Reviews-Grand_Theater-Singapore.html
Forum The Shopping Mall,https://www.tripadvisor.com/Attraction_Review-g294265-d13983985-Reviews-Forum_The_Shopping_Mall-Singapore.html
Capitol Theatre,https://www.tripadvisor.com/Attraction_Review-g294265-d12809787-Reviews-Capitol_Theatre-Singapore.html
AMK Hub,https://www.tripadvisor.com/Attraction_Review-g294265-d8113939-Reviews-AMK_Hub-Singapore.html
Sri Thandayuthapani Temple,https://www.tripadvisor.com/Attraction_Review-g294265-d2341793-Reviews-Sri_Thandayuthapani_Temple-Singapore.html
Pulau Semakau,https://www.tripadvisor.com/Attraction_Review-g294265-d2344432-Reviews-Pulau_Semakau-Singapore.html
Paya Lebar Square Retail,https://www.tripadvisor.com/Attraction_Review-g294265-d9801226-Reviews-Paya_Lebar_Square_Retail-Singapore.html
Cool de Sac Play Centre,https://www.tripadvisor.com/Attraction_Review-g294265-d6716246-Reviews-Cool_de_Sac_Play_Centre-Singapore.html
Lower Seletar Reservoir,https://www.tripadvisor.com/Attraction_Review-g294265-d6373042-Reviews-Lower_Seletar_Reservoir-Singapore.html
Parliament of Singapore,https://www.tripadvisor.com/Attraction_Review-g294265-d10850357-Reviews-Parliament_of_Singapore-Singapore.html
Aperia Mall,https://www.tripadvisor.com/Attraction_Review-g294265-d12635558-Reviews-Aperia_Mall-Singapore.html
Floating Baby (The Planet),https://www.tripadvisor.com/Attraction_Review-g294265-d15759518-Reviews-Floating_Baby_The_Planet-Singapore.html
Alive Museum,https://www.tripadvisor.com/Attraction_Review-g294265-d6686692-Reviews-Alive_Museum-Singapore.html
Tiong Bahru Plaza,https://www.tripadvisor.com/Attraction_Review-g294265-d11885790-Reviews-Tiong_Bahru_Plaza-Singapore.html
Old Supreme Court Building,https://www.tripadvisor.com/Attraction_Review-g294265-d317473-Reviews-Old_Supreme_Court_Building-Singapore.html
World of Birdnest Museum,https://www.tripadvisor.com/Attraction_Review-g294265-d12951552-Reviews-World_of_Birdnest_Museum-Singapore.html
Singapore River Festival,https://www.tripadvisor.com/Attraction_Review-g294265-d10020484-Reviews-Singapore_River_Festival-Singapore.html
Splash at Kidz Amaze,https://www.tripadvisor.com/Attraction_Review-g294265-d10860124-Reviews-Splash_at_Kidz_Amaze-Singapore.html
Yueh Hai Ching Temple,https://www.tripadvisor.com/Attraction_Review-g294265-d7613367-Reviews-Yueh_Hai_Ching_Temple-Singapore.html
The Punggol Settlement,https://www.tripadvisor.com/Attraction_Review-g294265-d8091351-Reviews-The_Punggol_Settlement-Singapore.html
Chinese Heritage Centre,https://www.tripadvisor.com/Attraction_Review-g294265-d5031119-Reviews-Chinese_Heritage_Centre-Singapore.html
Sasanaransi Buddhist Temple,https://www.tripadvisor.com/Attraction_Review-g294265-d446418-Reviews-Sasanaransi_Buddhist_Temple-Singapore.html
Peninsula Shopping Centre,https://www.tripadvisor.com/Attraction_Review-g294265-d10366166-Reviews-Peninsula_Shopping_Centre-Singapore.html
Telok Ayer Park,https://www.tripadvisor.com/Attraction_Review-g294265-d8010562-Reviews-Telok_Ayer_Park-Singapore.html
Pulau Hantu,https://www.tripadvisor.com/Attraction_Review-g294265-d2344429-Reviews-Pulau_Hantu-Singapore.html
Shiseido Forest Valley,https://www.tripadvisor.com/Attraction_Review-g294265-d17346097-Reviews-Shiseido_Forest_Valley-Singapore.html
Marina Bay Waterfront Promenade,https://www.tripadvisor.com/Attraction_Review-g294265-d14156997-Reviews-Marina_Bay_Waterfront_Promenade-Singapore.html
Tiong Bahru Haritage Trail,https://www.tripadvisor.com/Attraction_Review-g294265-d8526941-Reviews-Tiong_Bahru_Haritage_Trail-Singapore.html
Jurong Lake Garden,https://www.tripadvisor.com/Attraction_Review-g294265-d17412772-Reviews-Jurong_Lake_Garden-Singapore.html
Jalan Besar Stadium,https://www.tripadvisor.com/Attraction_Review-g294265-d10226339-Reviews-Jalan_Besar_Stadium-Singapore.html
Century Square,https://www.tripadvisor.com/Attraction_Review-g294265-d12790995-Reviews-Century_Square-Singapore.html
PasarBella - A Farmers' Market,https://www.tripadvisor.com/Attraction_Review-g294265-d4520855-Reviews-PasarBella_A_Farmers_Market-Singapore.html
Keppel Club,https://www.tripadvisor.com/Attraction_Review-g294265-d2348976-Reviews-Keppel_Club-Singapore.html
"Chinese Opera Teahouse, Chinese Theatre Circle",https://www.tripadvisor.com/Attraction_Review-g294265-d4603220-Reviews-Chinese_Opera_Teahouse_Chinese_Theatre_Circle-Singapore.html
Metro Department Store - The CentrePoint,https://www.tripadvisor.com/Attraction_Review-g294265-d10636906-Reviews-Metro_Department_Store_The_CentrePoint-Singapore.html
Fuk Tak Chi Museum,https://www.tripadvisor.com/Attraction_Review-g294265-d317429-Reviews-Fuk_Tak_Chi_Museum-Singapore.html
Sim Lim Tower,https://www.tripadvisor.com/Attraction_Review-g294265-d14166364-Reviews-Sim_Lim_Tower-Singapore.html
Jurong Eco-Garden,https://www.tripadvisor.com/Attraction_Review-g294265-d6908467-Reviews-Jurong_Eco_Garden-Singapore.html
Kranji Countryside,https://www.tripadvisor.com/Attraction_Review-g294265-d2344358-Reviews-Kranji_Countryside-Singapore.html
Lasalle College of the Arts,https://www.tripadvisor.com/Attraction_Review-g294265-d8632133-Reviews-Lasalle_College_of_the_Arts-Singapore.html
Changi Beach Boardwalk,https://www.tripadvisor.com/Attraction_Review-g294265-d10106051-Reviews-Changi_Beach_Boardwalk-Singapore.html
Chinatown Visitor Centre,https://www.tripadvisor.com/Attraction_Review-g294265-d8551729-Reviews-Chinatown_Visitor_Centre-Singapore.html
Lucky Chinatown,https://www.tripadvisor.com/Attraction_Review-g294265-d8573097-Reviews-Lucky_Chinatown-Singapore.html
Nagore Durgha Shrine,https://www.tripadvisor.com/Attraction_Review-g294265-d446415-Reviews-Nagore_Durgha_Shrine-Singapore.html
Shree Lakshminarayan Temple,https://www.tripadvisor.com/Attraction_Review-g294265-d14068965-Reviews-Shree_Lakshminarayan_Temple-Singapore.html
Quayside Isle,https://www.tripadvisor.com/Attraction_Review-g294265-d6482566-Reviews-Quayside_Isle-Singapore.html
Malabar Mosque,https://www.tripadvisor.com/Attraction_Review-g294265-d1888870-Reviews-Malabar_Mosque-Singapore.html
Sungei Road Thieves Market,https://www.tripadvisor.com/Attraction_Review-g294265-d2338945-Reviews-Sungei_Road_Thieves_Market-Singapore.html
Bird,https://www.tripadvisor.com/Attraction_Review-g294265-d11871536-Reviews-Bird-Singapore.html
Nestopia,https://www.tripadvisor.com/Attraction_Review-g294265-d15736165-Reviews-Nestopia-Singapore.html
Telok Blangah Hill Park,https://www.tripadvisor.com/Attraction_Review-g294265-d10831659-Reviews-Telok_Blangah_Hill_Park-Singapore.html
Thian Hock Keng Temple Mural,https://www.tripadvisor.com/Attraction_Review-g294265-d12833606-Reviews-Thian_Hock_Keng_Temple_Mural-Singapore.html
Tanjong Pagar Railway Station,https://www.tripadvisor.com/Attraction_Review-g294265-d11651927-Reviews-Tanjong_Pagar_Railway_Station-Singapore.html
HSBC Singapore Rugby Sevens,https://www.tripadvisor.com/Attraction_Review-g294265-d10020490-Reviews-HSBC_Singapore_Rugby_Sevens-Singapore.html
Tan Si Chong Chu Temple,https://www.tripadvisor.com/Attraction_Review-g294265-d2341782-Reviews-Tan_Si_Chong_Chu_Temple-Singapore.html
Upper Pierce Reservoir,https://www.tripadvisor.com/Attraction_Review-g294265-d13236887-Reviews-Upper_Pierce_Reservoir-Singapore.html
ZhongShan Park,https://www.tripadvisor.com/Attraction_Review-g294265-d11704799-Reviews-ZhongShan_Park-Singapore.html
Majestic Fast Ferry,https://www.tripadvisor.com/Attraction_Review-g294265-d15682592-Reviews-Majestic_Fast_Ferry-Singapore.html
Seng Wong Beo Temple,https://www.tripadvisor.com/Attraction_Review-g294265-d7808185-Reviews-Seng_Wong_Beo_Temple-Singapore.html
Brass Lion Distillery,https://www.tripadvisor.com/Attraction_Review-g294265-d15286690-Reviews-Brass_Lion_Distillery-Singapore.html
Jurong Frog Farm,https://www.tripadvisor.com/Attraction_Review-g294265-d632904-Reviews-Jurong_Frog_Farm-Singapore.html
Marina Bay City Gallery,https://www.tripadvisor.com/Attraction_Review-g294265-d4355496-Reviews-Marina_Bay_City_Gallery-Singapore.html
Windsor Nature Park,https://www.tripadvisor.com/Attraction_Review-g294265-d15326106-Reviews-Windsor_Nature_Park-Singapore.html
Springleaf Nature Park,https://www.tripadvisor.com/Attraction_Review-g294265-d7269083-Reviews-Springleaf_Nature_Park-Singapore.html
Deepavali Celebrations,https://www.tripadvisor.com/Attraction_Review-g294265-d10020494-Reviews-Deepavali_Celebrations-Singapore.html
Bedok Jetty,https://www.tripadvisor.com/Attraction_Review-g294265-d10850293-Reviews-Bedok_Jetty-Singapore.html
The Fullerton Waterboat House,https://www.tripadvisor.com/Attraction_Review-g294265-d11861497-Reviews-The_Fullerton_Waterboat_House-Singapore.html
Thekchen Choling,https://www.tripadvisor.com/Attraction_Review-g294265-d2341791-Reviews-Thekchen_Choling-Singapore.html
Djitsun Mall Bedok,https://www.tripadvisor.com/Attraction_Review-g294265-d14863083-Reviews-Djitsun_Mall_Bedok-Singapore.html
Maghain Aboth Synagogue,https://www.tripadvisor.com/Attraction_Review-g294265-d2341786-Reviews-Maghain_Aboth_Synagogue-Singapore.html
North Bridge Road,https://www.tripadvisor.com/Attraction_Review-g294265-d11014621-Reviews-North_Bridge_Road-Singapore.html
Sri SivaKrishna Temple,https://www.tripadvisor.com/Attraction_Review-g294265-d6732793-Reviews-Sri_SivaKrishna_Temple-Singapore.html
Orchidville,https://www.tripadvisor.com/Attraction_Review-g294265-d2344444-Reviews-Orchidville-Singapore.html
Neil Road,https://www.tripadvisor.com/Attraction_Review-g294265-d8639184-Reviews-Neil_Road-Singapore.html
Punggol Container Park,https://www.tripadvisor.com/Attraction_Review-g294265-d12289624-Reviews-Punggol_Container_Park-Singapore.html
Standard Chartered Marathon Singapore,https://www.tripadvisor.com/Attraction_Review-g294265-d10020489-Reviews-Standard_Chartered_Marathon_Singapore-Singapore.html
Cineleisure Orchard,https://www.tripadvisor.com/Attraction_Review-g294265-d8010714-Reviews-Cineleisure_Orchard-Singapore.html
Sisters' Islands,https://www.tripadvisor.com/Attraction_Review-g294265-d2344431-Reviews-Sisters_Islands-Singapore.html
Marina Bay Link Mall,https://www.tripadvisor.com/Attraction_Review-g294265-d13820275-Reviews-Marina_Bay_Link_Mall-Singapore.html
Holland Village Shopping Centre,https://www.tripadvisor.com/Attraction_Review-g294265-d10136730-Reviews-Holland_Village_Shopping_Centre-Singapore.html
Resorts World Theater,https://www.tripadvisor.com/Attraction_Review-g294265-d9715223-Reviews-Resorts_World_Theater-Singapore.html
Paya Lebar Quarter,https://www.tripadvisor.com/Attraction_Review-g294265-d18979431-Reviews-Paya_Lebar_Quarter-Singapore.html
Pink Blossoms Brewing,https://www.tripadvisor.com/Attraction_Review-g294265-d15746113-Reviews-Pink_Blossoms_Brewing-Singapore.html
Singapore Island Cruise & Ferry Services Pte Ltd,https://www.tripadvisor.com/Attraction_Review-g294265-d9609041-Reviews-Singapore_Island_Cruise_Ferry_Services_Pte_Ltd-Singapore.html
Army Museum of Singapore,https://www.tripadvisor.com/Attraction_Review-g294265-d3459972-Reviews-Army_Museum_of_Singapore-Singapore.html
Tokyu Hands,https://www.tripadvisor.com/Attraction_Review-g294265-d7086298-Reviews-Tokyu_Hands-Singapore.html
Mandai Track 15,https://www.tripadvisor.com/Attraction_Review-g294265-d14107519-Reviews-Mandai_Track_15-Singapore.html
STPI  Creative Workshop & Gallery,https://www.tripadvisor.com/Attraction_Review-g294265-d2341726-Reviews-STPI_Creative_Workshop_Gallery-Singapore.html
Marina South Ferries,https://www.tripadvisor.com/Attraction_Review-g294265-d15554526-Reviews-Marina_South_Ferries-Singapore.html
MOE Heritage Centre,https://www.tripadvisor.com/Attraction_Review-g294265-d7691767-Reviews-MOE_Heritage_Centre-Singapore.html
Singapore Chinese Cultural Centre,https://www.tripadvisor.com/Attraction_Review-g294265-d12932516-Reviews-Singapore_Chinese_Cultural_Centre-Singapore.html
Arulmigu Velmurugan Gnanamuneeswarar Temple,https://www.tripadvisor.com/Attraction_Review-g294265-d13824576-Reviews-Arulmigu_Velmurugan_Gnanamuneeswarar_Temple-Singapore.html
Uniqlo,https://www.tripadvisor.com/Attraction_Review-g294265-d14067597-Reviews-Uniqlo-Singapore.html
Jurong Central Park,https://www.tripadvisor.com/Attraction_Review-g294265-d4480747-Reviews-Jurong_Central_Park-Singapore.html
South Bridge Road,https://www.tripadvisor.com/Attraction_Review-g294265-d11443725-Reviews-South_Bridge_Road-Singapore.html
Hong Lim Park,https://www.tripadvisor.com/Attraction_Review-g294265-d11966381-Reviews-Hong_Lim_Park-Singapore.html
Jubilee Walk,https://www.tripadvisor.com/Attraction_Review-g294265-d15740591-Reviews-Jubilee_Walk-Singapore.html
Wildlife Reserves Singapore,https://www.tripadvisor.com/Attraction_Review-g294265-d13109608-Reviews-Wildlife_Reserves_Singapore-Singapore.html
Empress Lawn,https://www.tripadvisor.com/Attraction_Review-g294265-d11861551-Reviews-Empress_Lawn-Singapore.html
Albert Mall,https://www.tripadvisor.com/Attraction_Review-g294265-d10088143-Reviews-Albert_Mall-Singapore.html
Sun Plaza,https://www.tripadvisor.com/Attraction_Review-g294265-d11907913-Reviews-Sun_Plaza-Singapore.html
Pearl's Hill City Park,https://www.tripadvisor.com/Attraction_Review-g294265-d8011476-Reviews-Pearl_s_Hill_City_Park-Singapore.html
Singapore Mobility Gallery,https://www.tripadvisor.com/Attraction_Review-g294265-d11707243-Reviews-Singapore_Mobility_Gallery-Singapore.html
Shimano Cycling World,https://www.tripadvisor.com/Attraction_Review-g294265-d7805432-Reviews-Shimano_Cycling_World-Singapore.html
Jacob Ballas Children's Garden,https://www.tripadvisor.com/Attraction_Review-g294265-d9998000-Reviews-Jacob_Ballas_Children_s_Garden-Singapore.html
Woodlands Town Garden,https://www.tripadvisor.com/Attraction_Review-g294265-d591186-Reviews-Woodlands_Town_Garden-Singapore.html
Xtreme Skate Park,https://www.tripadvisor.com/Attraction_Review-g294265-d2348905-Reviews-Xtreme_Skate_Park-Singapore.html
Cenotaph,https://www.tripadvisor.com/Attraction_Review-g294265-d591457-Reviews-Cenotaph-Singapore.html
ESPZEN Soccer School & Academy,https://www.tripadvisor.com/Attraction_Review-g294265-d13977166-Reviews-ESPZEN_Soccer_School_Academy-Singapore.html
Masjid Bencoolen,https://www.tripadvisor.com/Attraction_Review-g294265-d8016963-Reviews-Masjid_Bencoolen-Singapore.html
